HILLSTAR Foldable Remote Control Drone with Camera HD Wide Angle Lens Optical Flow Positioning with 1800Mah Battery WiFi FPV 4-Axis Dual Camera with Dual Flash Lights (MultiColor),"2,749",5.0
SUPER TOY 4K WiFi Dual Camera Drone for Adults & Kids with 2 Batteries and Carrying Case - Remote Control Foldable Quadcopter Flying Toy,"3,499",3.0
"Keemanki Garuda 1080 Black Wifi GPS Drone 1080P + 720 P Fpv Dual Camera, Box Version, Position Locking Drone (Garuda Drone, Black Colour for Beginners)","15,976",5.0
"Keemanki F22 Pro FPV Drone with Camera - 5G RC with 2.7K Video - Gesture Control, Custom Flight Path, WiFi, GPS Auto Hover Return Home, Follow Me, Carrying Case for Beginners","24,976",5.0
HILLSTAR Foldable Remote Control Drone with Camera HD Wide Angle Lens Optical Flow Positioning with 1800Mah Battery WiFi FPV 4-Axis Dual Camera with Dual Flash Lights (MultiColor),"2,749",5.0
"Flyson Drones with Dual Camera for Adults-F190 Drone with Carrying Case, Foldable RC Drone, Altitude Hold, Headless Mode,Camera Drones for Adults/Beginners, Christmas Gifts Blue,1 Battery (F190 = POCKET DRONE)","3,324",2.9
"Divera Foldable Drone with HQ WiFi Camera Remote Control for Kids Quadcopter with Gesture Selfie, Flips Bounce Mode, App One Key Headless Mode functionality (Black colour)(1800 MAH)","2,499",2.1
"Ziria Foldable Toy Drone with HQ WiFi Camera Remote Control for Kids Quadcopter with Gesture Selfie, Flips Bounce Mode, App One Key Headless Mode functionality (Black Colour)","54,999",2.4
"Welko Foldable Drone with HQ WiFi Camera Remote Control for Kids Quadcopter with Gesture Selfie, Flips Bounce Mode, App One Key Headless Mode functionality (Black colour)(1800 MAH)","2,299",2.9
"IZI Sky 4K 20MP CMOS 1/3.06 Camera Drone, 360 Obstacle Avoidance 3 Axis Gimbal 5KM Transmission, Cinematic Vertical Shooting, Precision Hovering, 10+ Flying Modes, GPS, Return to Home, 2X Batteries (64 Mins Flight)","2,349",3.4
"KB TRADE Garuda Drone box version Foldable Drone With Camera Garuda Drone with 1080P 4k Camera 720P Live Video,WiFi FPV Drone for Adults with HD 120°Wide Camera (garuda drone box version)","54,999",2.9
Amitasha Remote Control WiFi HD Dual Camera Foldable Drone RC Toy for Kids & Adults with 2x1800mAh Rechargeable Battery (Camera Drone),"9,999",1.5
"BHAYANI Foldable Drone with HQ WiFi Camera Remote Control for Kids Quadcopter with Gesture Selfie, Flips Bounce Mode, App One Key Headless Mode functionality (Black colour)(1800 MAH)","3,499",5.0
"SELLINGZON Foldable Toy Drone with HQ WiFi Camera Remote Control for Kids Quadcopter with Gesture Selfie, Flips Bounce Mode, App One Key Headless Mode functionality","2,849",2.4
Welko E99 Drone With Dual HD Camera 1080p Selfie Gesture Live Video FPV Positioning Profesional Quadcopter RC Helicopter Boys Toys Kids Gifts,"2,999",5.0
"BHAYANI Garuda 1080 Black| WiFi HD 1080P + 720 P FPV Dual Camera | Box Version | Position Locking Drone (Garuda Drone,Black Colour)","2,699",2.8
BLESSBE BB160 Drone 2 Batteries Dual Camera WI-FI Quadcopter with Gesture Selfie Camera Quadcopter 1800 mAh Battery - 360 Flip Headless Mode Remote control Toy Quadcopter(Black),"6,999",5.0
BLESSBE BB176 Drone 2 Batteries Dual Camera WI-FI Quadcopter with Gesture Selfie Camera Quadcopter 1800 mAh Battery - 360 Flip Headless Mode Remote control Toy Quadcopter(Jet Black),"3,249",2.3
"KIDZYMON Dual Camera Dual Battery Drone, 4K camera with remote and app control, WiFi FPV 1080P HD Dual Camera Foldable RC Quadcopter - Dual Battery - Black and Gray colour - Pack of 1","2,799",3.0
"JIYAN Foldable Toy Drone with HQ WiFi Camera Remote Control for Kids Quadcopter with Gesture Selfie, Flips Bounce Mode, App One Key Headless Mode functionality (Black Color)","4,499",3.0
HILLSTAR Foldable Remote Control Drone with Dual Camera HD Wide Angle Lens Optical Flow Positioning with Dual 1800Mah Battery WiFi FPV 4-Axis Dual Camera with Dual Flash Lights With 2 Battries (MultiColor),"2,699",3.5
Meri SHOPP Landing Gear Kit for Fimi X8 Mini Drone Height Extender Accessories Set A Plastic Toys & Hobbies | Radio Control & Control Line | RC Model Vehicle Parts & Accs (Only Stand),"3,499",2.5
"PARYAVARAN Vanguard Aircraft Wifi HD Camera Drone Latest Version Foldable GPS Fpv Drone With 1080P HD 4K Camera Live Video For Beginners, RC Quadcopter With GPS Return Home - Multicolor",870,4.4
"PARYAVARAN Foldable GPS FPV Drone with 1080P HD 4k Camera Live Video for Beginners, RC Quadcopter with GPS Return Home, Gesture Control, Auto Hover & 5G Wifi Transmission(Black)","14,999",4.5
"SEASWORTH Foldable Toy Drone with HQ WiFi Camera Remote Control for Kids Quadcopter with Gesture Selfie, Flips Bounce Mode, App One Key Headless Mode functionality (Black Colour) (D2)","13,999",2.3
Blessbe BB172 Drone 2 Batteries 3 sides obstacle Avoidance Dual Camera WI-FI Quadcopter with Gesture Selfie Camera 1800 mAh Battery - 360 Flip Headless Mode Remote control Toy Quadcopter (Light Grey),"3,499",5.0
"David Drone With 480P 4K Camera Live Video,Wifi Fpv Drone For Adults With 4K Hd 120 Wide Angle Camera 1000 Mah Long Flight Time Auto Hover Fold Able Rc Drone Quad-Copter","3,399",2.7
Flyson Foldable Toy Drone With Camera Remote Control for Kids (Multicolor),"4,242",3.0
"REIDEL Foldable Toy Drone with HQ WiFi Camera Remote Control for Kids Quadcopter with Gesture Selfie, Flips Bounce Mode, App One Key Headless Mode functionality","4,369",5.0
"Plenus Foldable GPS FPV Drone with 1080P HD 4k Camera Live Video for Beginners, RC Quadcopter with GPS Return Home, Follow, Gesture Control, Auto Hover & 5G Wifi Transmission Black","3,499",5.0
"CREODEC Premium Foldable Toy Drone with HQ WiFi Camera - Remote Control Quadcopter for Kids with Gesture Selfie, Flips Bounce Mode, and App One Key Headless Mode","2,910",4.1
Amitasha E99 Drone With Dual HD Camera 1080p Selfie Gesture Live Video FPV Positioning Profesional Quadcopter RC Helicopter Boys Toys Kids Gifts,"11,999",2.9
Elisian Mini Drone for Kids | Foldable Toy Drone with 4K 1080p Camera | 360 Degree Flip Functionality | Black,"3,399",4.2
"Blackheaven Garuda 1080 Black| WiFi HD 1080P + 720 P FPV Dual Camera | Box Version | Position Locking Drone (Garuda Drone,Black Colour)","2,700",5.0
Blessbe BB171 Drone 2 Batteries 3 sides obstacle Avoidance Dual Camera WI-FI Quadcopter with Gesture Selfie Camera 1800 mAh Battery - 360 Flip Headless Mode Remote control Toy Quadcopter (Charcoal Black),"6,999",3.0
Elisian Mini Drone for Kids | Foldable Toy Drone with 1080p Camera | 360 Degree Flip Functionality | Multiple Colours (E99 Drone),"3,399",3.0
Elisian Quadcopter Drone | Toy Drone with 4K 1080p Camera | 360 Degree Flip Functionality | Drone for Kids | Drone with Gimbal Camera | Mini Drone with Auto Hovering Feature,"2,999",2.0
"HX 750 Drone | Remote-control | Rechargeble | Unbreakable | Quadcopter With Two Extra Blades, Multicolour, Only For 14+, 1 Hx 750 Toy Drone, 1 3.7v 220mah Battey/Without Camera","4,649",3.3
Jack Royal Quadcopter Drone | Toy Drone with 4K 1080p Camera | 360 Degree Flip Functionality | Drone for Kids | Drone with Gimbal Camera | Mini Drone with Auto Hovering Feature,"2,121",2.9
Drone,"4,614",2.0
"Qualimate 4K HD Camera RC Drone with WIFI Connectivity - Professional Editing Flying Drone Aircraft Rotatable Camera Ideal for Weddings, Tours, and Special Events","12,999",3.4
"Sarge Foldable Dual Camera Garuda Drone with 1080P 4k Camera 720P Live Video,WiFi FPV Drone for Adults with HD 120°Wide Angle Camera 1600 Mah Long Flight time Auto Hover Foldable RC Drone.","6,999",2.7
"SEASWORTH Foldable Toy Drone with HQ WiFi Camera Remote Control for Kids Quadcopter with Gesture Selfie, Flips Bounce Mode, App One Key Headless Mode functionality (Black Colour)","2,999",5.0
SUPER TOY 2.4g RC Drone Without Camera for Beginners - Hand Throw Take-Off/One-Key Return (Multicolour),"1,999",3.8
"Olly's Foldable Drone with HQ WiFi Camera Remote Control for Kids Quadcopter with Gesture Selfie, Flips Bounce Mode, App One Key Headless Mode functionality (Black colour)(1800 MAH)","41,999",1.9
"IZI FLY Drone 20 MP Camera 4K HD Realtime Video with 5 KM Video Transmission Range | 3-Axis Gimbal Camera Brushless Motors, GPS-GLONASS 2 x Battery Each 35 Min Flight Time | UAV RTH Enabled | 10+ Flying Modes | Ideal for Professional and Aerial Photography","10,399",2.9
MQ-9 Reaper Drone (Air Power),"3,499",4.5
"Qualimate Foldable Drone Flying Aircraft - Professional HD Camera with WiFi Connectivity, Intuitive App Control, 2.4GHz Technology, Thrilling 360-Degree Aerial Rolls","3,799",3.7
"REIDEL Foldable Toy Drone with HQ WiFi Camera Remote Control for Kids Quadcopter with Gesture Selfie, Flips Bounce Mode, App One Key Headless Mode functionality (Black colour) (D3)","2,990",
"LUCHILA Toy Drone with HQ WiFi Camera Remote Control for Kids Quadcopter with Gesture Selfie, Flips Bounce Mode, App One Key Headless Mode Functionality","10,999",
"Alessia Foldable Drone with HQ WiFi Camera Remote Control for Kids Quadcopter with Gesture Selfie, Flips Bounce Mode, App One Key Headless Mode functionality (Black colour)(1800 MAH)","4,499",
"KB TRADE Garuda Drone bag version Foldable Drone With Camera Garuda Drone with 1080P 4k Camera 720P Live Video,WiFi FPV Drone for Adults with HD 120°Wide Camera (garuda drone bag version)","3,499",
Amitasha YCRC A6 Pro Obstacle Avoidance Remote Control Selfie Gesture Wifi Drone With Dual Camera Quadcopter With 2 Batteries,"3,799",
"SEASWORTH Foldable Toy Drone with HQ WiFi Camera Remote Control for Kids Quadcopter with Gesture Selfie, Flips Bounce Mode, App One Key Headless Mode functionality (Black)","3,999",
"Octra Drone with 4K Camera Live Video,WiFi FPV Drone for Adults with 4K HD 120 Wide Angle Camera 1200 Mah Long Flight time Auto Hover Fold able RC Drone Quad-copter Multi Colored","4,799",
"SIYA ENTERPRISE OPEN STORE Optical Flow Positioning Drone Foldable GPS FPV Drone with 720P HD 4k Camera Live Video for Beginners,RC Quadcopter,Gesture Control,Auto Hover & 5G Wifi Transmission, Black","1,999",
HILLSTAR Foldable Remote Control Drone with Camera HD Wide Angle Lens Optical Flow Positioning with 1800Mah Battery WiFi FPV 4-Axis Dual Camera with Dual Flash Lights (MultiColor),"2,749",5.0
SUPER TOY 4K WiFi Dual Camera Drone for Adults & Kids with 2 Batteries and Carrying Case - Remote Control Foldable Quadcopter Flying Toy,"3,499",3.0
"Keemanki Garuda 1080 Black Wifi GPS Drone 1080P + 720 P Fpv Dual Camera, Box Version, Position Locking Drone (Garuda Drone, Black Colour for Beginners)","15,976",5.0
"Keemanki F22 Pro FPV Drone with Camera - 5G RC with 2.7K Video - Gesture Control, Custom Flight Path, WiFi, GPS Auto Hover Return Home, Follow Me, Carrying Case for Beginners","24,976",5.0
HILLSTAR Foldable Remote Control Drone with Camera HD Wide Angle Lens Optical Flow Positioning with 1800Mah Battery WiFi FPV 4-Axis Dual Camera with Dual Flash Lights (MultiColor),"2,749",5.0
"Flyson Drones with Dual Camera for Adults-F190 Drone with Carrying Case, Foldable RC Drone, Altitude Hold, Headless Mode,Camera Drones for Adults/Beginners, Christmas Gifts Blue,1 Battery (F190 = POCKET DRONE)","3,324",2.9
"Divera Foldable Drone with HQ WiFi Camera Remote Control for Kids Quadcopter with Gesture Selfie, Flips Bounce Mode, App One Key Headless Mode functionality (Black colour)(1800 MAH)","2,499",2.1
"Ziria Foldable Toy Drone with HQ WiFi Camera Remote Control for Kids Quadcopter with Gesture Selfie, Flips Bounce Mode, App One Key Headless Mode functionality (Black Colour)","54,999",2.4
"Welko Foldable Drone with HQ WiFi Camera Remote Control for Kids Quadcopter with Gesture Selfie, Flips Bounce Mode, App One Key Headless Mode functionality (Black colour)(1800 MAH)","2,299",2.9
"IZI Sky 4K 20MP CMOS 1/3.06 Camera Drone, 360 Obstacle Avoidance 3 Axis Gimbal 5KM Transmission, Cinematic Vertical Shooting, Precision Hovering, 10+ Flying Modes, GPS, Return to Home, 2X Batteries (64 Mins Flight)","2,349",3.4
"KB TRADE Garuda Drone box version Foldable Drone With Camera Garuda Drone with 1080P 4k Camera 720P Live Video,WiFi FPV Drone for Adults with HD 120°Wide Camera (garuda drone box version)","54,999",2.9
Amitasha Remote Control WiFi HD Dual Camera Foldable Drone RC Toy for Kids & Adults with 2x1800mAh Rechargeable Battery (Camera Drone),"9,999",1.5
"BHAYANI Foldable Drone with HQ WiFi Camera Remote Control for Kids Quadcopter with Gesture Selfie, Flips Bounce Mode, App One Key Headless Mode functionality (Black colour)(1800 MAH)","3,499",5.0
"SELLINGZON Foldable Toy Drone with HQ WiFi Camera Remote Control for Kids Quadcopter with Gesture Selfie, Flips Bounce Mode, App One Key Headless Mode functionality","2,849",2.4
Welko E99 Drone With Dual HD Camera 1080p Selfie Gesture Live Video FPV Positioning Profesional Quadcopter RC Helicopter Boys Toys Kids Gifts,"2,999",5.0
"BHAYANI Garuda 1080 Black| WiFi HD 1080P + 720 P FPV Dual Camera | Box Version | Position Locking Drone (Garuda Drone,Black Colour)","2,699",2.8
BLESSBE BB160 Drone 2 Batteries Dual Camera WI-FI Quadcopter with Gesture Selfie Camera Quadcopter 1800 mAh Battery - 360 Flip Headless Mode Remote control Toy Quadcopter(Black),"6,999",5.0
BLESSBE BB176 Drone 2 Batteries Dual Camera WI-FI Quadcopter with Gesture Selfie Camera Quadcopter 1800 mAh Battery - 360 Flip Headless Mode Remote control Toy Quadcopter(Jet Black),"3,249",2.3
"KIDZYMON Dual Camera Dual Battery Drone, 4K camera with remote and app control, WiFi FPV 1080P HD Dual Camera Foldable RC Quadcopter - Dual Battery - Black and Gray colour - Pack of 1","2,799",3.0
"JIYAN Foldable Toy Drone with HQ WiFi Camera Remote Control for Kids Quadcopter with Gesture Selfie, Flips Bounce Mode, App One Key Headless Mode functionality (Black Color)","4,499",3.0
HILLSTAR Foldable Remote Control Drone with Dual Camera HD Wide Angle Lens Optical Flow Positioning with Dual 1800Mah Battery WiFi FPV 4-Axis Dual Camera with Dual Flash Lights With 2 Battries (MultiColor),"2,699",3.5
Meri SHOPP Landing Gear Kit for Fimi X8 Mini Drone Height Extender Accessories Set A Plastic Toys & Hobbies | Radio Control & Control Line | RC Model Vehicle Parts & Accs (Only Stand),"3,499",2.5
"PARYAVARAN Vanguard Aircraft Wifi HD Camera Drone Latest Version Foldable GPS Fpv Drone With 1080P HD 4K Camera Live Video For Beginners, RC Quadcopter With GPS Return Home - Multicolor",870,4.4
"PARYAVARAN Foldable GPS FPV Drone with 1080P HD 4k Camera Live Video for Beginners, RC Quadcopter with GPS Return Home, Gesture Control, Auto Hover & 5G Wifi Transmission(Black)","14,999",4.5
"SEASWORTH Foldable Toy Drone with HQ WiFi Camera Remote Control for Kids Quadcopter with Gesture Selfie, Flips Bounce Mode, App One Key Headless Mode functionality (Black Colour) (D2)","13,999",2.3
Blessbe BB172 Drone 2 Batteries 3 sides obstacle Avoidance Dual Camera WI-FI Quadcopter with Gesture Selfie Camera 1800 mAh Battery - 360 Flip Headless Mode Remote control Toy Quadcopter (Light Grey),"3,499",5.0
"David Drone With 480P 4K Camera Live Video,Wifi Fpv Drone For Adults With 4K Hd 120 Wide Angle Camera 1000 Mah Long Flight Time Auto Hover Fold Able Rc Drone Quad-Copter","3,399",2.7
Flyson Foldable Toy Drone With Camera Remote Control for Kids (Multicolor),"4,242",3.0
"REIDEL Foldable Toy Drone with HQ WiFi Camera Remote Control for Kids Quadcopter with Gesture Selfie, Flips Bounce Mode, App One Key Headless Mode functionality","4,369",5.0
"Plenus Foldable GPS FPV Drone with 1080P HD 4k Camera Live Video for Beginners, RC Quadcopter with GPS Return Home, Follow, Gesture Control, Auto Hover & 5G Wifi Transmission Black","3,499",5.0
"CREODEC Premium Foldable Toy Drone with HQ WiFi Camera - Remote Control Quadcopter for Kids with Gesture Selfie, Flips Bounce Mode, and App One Key Headless Mode","2,910",4.1
Amitasha E99 Drone With Dual HD Camera 1080p Selfie Gesture Live Video FPV Positioning Profesional Quadcopter RC Helicopter Boys Toys Kids Gifts,"11,999",2.9
Elisian Mini Drone for Kids | Foldable Toy Drone with 4K 1080p Camera | 360 Degree Flip Functionality | Black,"3,399",4.2
"Blackheaven Garuda 1080 Black| WiFi HD 1080P + 720 P FPV Dual Camera | Box Version | Position Locking Drone (Garuda Drone,Black Colour)","2,700",5.0
Blessbe BB171 Drone 2 Batteries 3 sides obstacle Avoidance Dual Camera WI-FI Quadcopter with Gesture Selfie Camera 1800 mAh Battery - 360 Flip Headless Mode Remote control Toy Quadcopter (Charcoal Black),"6,999",3.0
Elisian Mini Drone for Kids | Foldable Toy Drone with 1080p Camera | 360 Degree Flip Functionality | Multiple Colours (E99 Drone),"3,399",3.0
Elisian Quadcopter Drone | Toy Drone with 4K 1080p Camera | 360 Degree Flip Functionality | Drone for Kids | Drone with Gimbal Camera | Mini Drone with Auto Hovering Feature,"2,999",2.0
"HX 750 Drone | Remote-control | Rechargeble | Unbreakable | Quadcopter With Two Extra Blades, Multicolour, Only For 14+, 1 Hx 750 Toy Drone, 1 3.7v 220mah Battey/Without Camera","4,649",3.3
Jack Royal Quadcopter Drone | Toy Drone with 4K 1080p Camera | 360 Degree Flip Functionality | Drone for Kids | Drone with Gimbal Camera | Mini Drone with Auto Hovering Feature,"2,121",2.9
Drone,"4,614",2.0
"Qualimate 4K HD Camera RC Drone with WIFI Connectivity - Professional Editing Flying Drone Aircraft Rotatable Camera Ideal for Weddings, Tours, and Special Events","12,999",3.4
"Sarge Foldable Dual Camera Garuda Drone with 1080P 4k Camera 720P Live Video,WiFi FPV Drone for Adults with HD 120°Wide Angle Camera 1600 Mah Long Flight time Auto Hover Foldable RC Drone.","6,999",2.7
"SEASWORTH Foldable Toy Drone with HQ WiFi Camera Remote Control for Kids Quadcopter with Gesture Selfie, Flips Bounce Mode, App One Key Headless Mode functionality (Black Colour)","2,999",5.0
SUPER TOY 2.4g RC Drone Without Camera for Beginners - Hand Throw Take-Off/One-Key Return (Multicolour),"1,999",3.8
"Olly's Foldable Drone with HQ WiFi Camera Remote Control for Kids Quadcopter with Gesture Selfie, Flips Bounce Mode, App One Key Headless Mode functionality (Black colour)(1800 MAH)","41,999",1.9
"IZI FLY Drone 20 MP Camera 4K HD Realtime Video with 5 KM Video Transmission Range | 3-Axis Gimbal Camera Brushless Motors, GPS-GLONASS 2 x Battery Each 35 Min Flight Time | UAV RTH Enabled | 10+ Flying Modes | Ideal for Professional and Aerial Photography","10,399",2.9
MQ-9 Reaper Drone (Air Power),"3,499",4.5
"Qualimate Foldable Drone Flying Aircraft - Professional HD Camera with WiFi Connectivity, Intuitive App Control, 2.4GHz Technology, Thrilling 360-Degree Aerial Rolls","3,799",3.7
"REIDEL Foldable Toy Drone with HQ WiFi Camera Remote Control for Kids Quadcopter with Gesture Selfie, Flips Bounce Mode, App One Key Headless Mode functionality (Black colour) (D3)","2,990",
"LUCHILA Toy Drone with HQ WiFi Camera Remote Control for Kids Quadcopter with Gesture Selfie, Flips Bounce Mode, App One Key Headless Mode Functionality","10,999",
"Alessia Foldable Drone with HQ WiFi Camera Remote Control for Kids Quadcopter with Gesture Selfie, Flips Bounce Mode, App One Key Headless Mode functionality (Black colour)(1800 MAH)","4,499",
"KB TRADE Garuda Drone bag version Foldable Drone With Camera Garuda Drone with 1080P 4k Camera 720P Live Video,WiFi FPV Drone for Adults with HD 120°Wide Camera (garuda drone bag version)","3,499",
Amitasha YCRC A6 Pro Obstacle Avoidance Remote Control Selfie Gesture Wifi Drone With Dual Camera Quadcopter With 2 Batteries,"3,799",
"SEASWORTH Foldable Toy Drone with HQ WiFi Camera Remote Control for Kids Quadcopter with Gesture Selfie, Flips Bounce Mode, App One Key Headless Mode functionality (Black)","3,999",
"Octra Drone with 4K Camera Live Video,WiFi FPV Drone for Adults with 4K HD 120 Wide Angle Camera 1200 Mah Long Flight time Auto Hover Fold able RC Drone Quad-copter Multi Colored","4,799",
"SIYA ENTERPRISE OPEN STORE Optical Flow Positioning Drone Foldable GPS FPV Drone with 720P HD 4k Camera Live Video for Beginners,RC Quadcopter,Gesture Control,Auto Hover & 5G Wifi Transmission, Black","1,999",
HILLSTAR Foldable Remote Control Drone with Camera HD Wide Angle Lens Optical Flow Positioning with 1800Mah Battery WiFi FPV 4-Axis Dual Camera with Dual Flash Lights (MultiColor),"2,749",5.0
SUPER TOY 4K WiFi Dual Camera Drone for Adults & Kids with 2 Batteries and Carrying Case - Remote Control Foldable Quadcopter Flying Toy,"3,499",3.0
"Keemanki Garuda 1080 Black Wifi GPS Drone 1080P + 720 P Fpv Dual Camera, Box Version, Position Locking Drone (Garuda Drone, Black Colour for Beginners)","15,976",5.0
"Keemanki F22 Pro FPV Drone with Camera - 5G RC with 2.7K Video - Gesture Control, Custom Flight Path, WiFi, GPS Auto Hover Return Home, Follow Me, Carrying Case for Beginners","24,976",5.0
HILLSTAR Foldable Remote Control Drone with Camera HD Wide Angle Lens Optical Flow Positioning with 1800Mah Battery WiFi FPV 4-Axis Dual Camera with Dual Flash Lights (MultiColor),"2,749",5.0
"Flyson Drones with Dual Camera for Adults-F190 Drone with Carrying Case, Foldable RC Drone, Altitude Hold, Headless Mode,Camera Drones for Adults/Beginners, Christmas Gifts Blue,1 Battery (F190 = POCKET DRONE)","3,324",2.9
"Divera Foldable Drone with HQ WiFi Camera Remote Control for Kids Quadcopter with Gesture Selfie, Flips Bounce Mode, App One Key Headless Mode functionality (Black colour)(1800 MAH)","2,499",2.1
"Ziria Foldable Toy Drone with HQ WiFi Camera Remote Control for Kids Quadcopter with Gesture Selfie, Flips Bounce Mode, App One Key Headless Mode functionality (Black Colour)","54,999",2.4
"Welko Foldable Drone with HQ WiFi Camera Remote Control for Kids Quadcopter with Gesture Selfie, Flips Bounce Mode, App One Key Headless Mode functionality (Black colour)(1800 MAH)","2,299",2.9
"IZI Sky 4K 20MP CMOS 1/3.06 Camera Drone, 360 Obstacle Avoidance 3 Axis Gimbal 5KM Transmission, Cinematic Vertical Shooting, Precision Hovering, 10+ Flying Modes, GPS, Return to Home, 2X Batteries (64 Mins Flight)","2,349",3.4
"KB TRADE Garuda Drone box version Foldable Drone With Camera Garuda Drone with 1080P 4k Camera 720P Live Video,WiFi FPV Drone for Adults with HD 120°Wide Camera (garuda drone box version)","54,999",2.9
Amitasha Remote Control WiFi HD Dual Camera Foldable Drone RC Toy for Kids & Adults with 2x1800mAh Rechargeable Battery (Camera Drone),"9,999",1.5
"BHAYANI Foldable Drone with HQ WiFi Camera Remote Control for Kids Quadcopter with Gesture Selfie, Flips Bounce Mode, App One Key Headless Mode functionality (Black colour)(1800 MAH)","3,499",5.0
"SELLINGZON Foldable Toy Drone with HQ WiFi Camera Remote Control for Kids Quadcopter with Gesture Selfie, Flips Bounce Mode, App One Key Headless Mode functionality","2,849",2.4
Welko E99 Drone With Dual HD Camera 1080p Selfie Gesture Live Video FPV Positioning Profesional Quadcopter RC Helicopter Boys Toys Kids Gifts,"2,999",5.0
"BHAYANI Garuda 1080 Black| WiFi HD 1080P + 720 P FPV Dual Camera | Box Version | Position Locking Drone (Garuda Drone,Black Colour)","2,699",2.8
BLESSBE BB160 Drone 2 Batteries Dual Camera WI-FI Quadcopter with Gesture Selfie Camera Quadcopter 1800 mAh Battery - 360 Flip Headless Mode Remote control Toy Quadcopter(Black),"6,999",5.0
BLESSBE BB176 Drone 2 Batteries Dual Camera WI-FI Quadcopter with Gesture Selfie Camera Quadcopter 1800 mAh Battery - 360 Flip Headless Mode Remote control Toy Quadcopter(Jet Black),"3,249",2.3
"KIDZYMON Dual Camera Dual Battery Drone, 4K camera with remote and app control, WiFi FPV 1080P HD Dual Camera Foldable RC Quadcopter - Dual Battery - Black and Gray colour - Pack of 1","2,799",3.0
"JIYAN Foldable Toy Drone with HQ WiFi Camera Remote Control for Kids Quadcopter with Gesture Selfie, Flips Bounce Mode, App One Key Headless Mode functionality (Black Color)","4,499",3.0
HILLSTAR Foldable Remote Control Drone with Dual Camera HD Wide Angle Lens Optical Flow Positioning with Dual 1800Mah Battery WiFi FPV 4-Axis Dual Camera with Dual Flash Lights With 2 Battries (MultiColor),"2,699",3.5
Meri SHOPP Landing Gear Kit for Fimi X8 Mini Drone Height Extender Accessories Set A Plastic Toys & Hobbies | Radio Control & Control Line | RC Model Vehicle Parts & Accs (Only Stand),"3,499",2.5
"PARYAVARAN Vanguard Aircraft Wifi HD Camera Drone Latest Version Foldable GPS Fpv Drone With 1080P HD 4K Camera Live Video For Beginners, RC Quadcopter With GPS Return Home - Multicolor",870,4.4
"PARYAVARAN Foldable GPS FPV Drone with 1080P HD 4k Camera Live Video for Beginners, RC Quadcopter with GPS Return Home, Gesture Control, Auto Hover & 5G Wifi Transmission(Black)","14,999",4.5
"SEASWORTH Foldable Toy Drone with HQ WiFi Camera Remote Control for Kids Quadcopter with Gesture Selfie, Flips Bounce Mode, App One Key Headless Mode functionality (Black Colour) (D2)","13,999",2.3
Blessbe BB172 Drone 2 Batteries 3 sides obstacle Avoidance Dual Camera WI-FI Quadcopter with Gesture Selfie Camera 1800 mAh Battery - 360 Flip Headless Mode Remote control Toy Quadcopter (Light Grey),"3,499",5.0
"David Drone With 480P 4K Camera Live Video,Wifi Fpv Drone For Adults With 4K Hd 120 Wide Angle Camera 1000 Mah Long Flight Time Auto Hover Fold Able Rc Drone Quad-Copter","3,399",2.7
Flyson Foldable Toy Drone With Camera Remote Control for Kids (Multicolor),"4,242",3.0
"REIDEL Foldable Toy Drone with HQ WiFi Camera Remote Control for Kids Quadcopter with Gesture Selfie, Flips Bounce Mode, App One Key Headless Mode functionality","4,369",5.0
"Plenus Foldable GPS FPV Drone with 1080P HD 4k Camera Live Video for Beginners, RC Quadcopter with GPS Return Home, Follow, Gesture Control, Auto Hover & 5G Wifi Transmission Black","3,499",5.0
"CREODEC Premium Foldable Toy Drone with HQ WiFi Camera - Remote Control Quadcopter for Kids with Gesture Selfie, Flips Bounce Mode, and App One Key Headless Mode","2,910",4.1
Amitasha E99 Drone With Dual HD Camera 1080p Selfie Gesture Live Video FPV Positioning Profesional Quadcopter RC Helicopter Boys Toys Kids Gifts,"11,999",2.9
Elisian Mini Drone for Kids | Foldable Toy Drone with 4K 1080p Camera | 360 Degree Flip Functionality | Black,"3,399",4.2
"Blackheaven Garuda 1080 Black| WiFi HD 1080P + 720 P FPV Dual Camera | Box Version | Position Locking Drone (Garuda Drone,Black Colour)","2,700",5.0
Blessbe BB171 Drone 2 Batteries 3 sides obstacle Avoidance Dual Camera WI-FI Quadcopter with Gesture Selfie Camera 1800 mAh Battery - 360 Flip Headless Mode Remote control Toy Quadcopter (Charcoal Black),"6,999",3.0
Elisian Mini Drone for Kids | Foldable Toy Drone with 1080p Camera | 360 Degree Flip Functionality | Multiple Colours (E99 Drone),"3,399",3.0
Elisian Quadcopter Drone | Toy Drone with 4K 1080p Camera | 360 Degree Flip Functionality | Drone for Kids | Drone with Gimbal Camera | Mini Drone with Auto Hovering Feature,"2,999",2.0
"HX 750 Drone | Remote-control | Rechargeble | Unbreakable | Quadcopter With Two Extra Blades, Multicolour, Only For 14+, 1 Hx 750 Toy Drone, 1 3.7v 220mah Battey/Without Camera","4,649",3.3
Jack Royal Quadcopter Drone | Toy Drone with 4K 1080p Camera | 360 Degree Flip Functionality | Drone for Kids | Drone with Gimbal Camera | Mini Drone with Auto Hovering Feature,"2,121",2.9
Drone,"4,614",2.0
"Qualimate 4K HD Camera RC Drone with WIFI Connectivity - Professional Editing Flying Drone Aircraft Rotatable Camera Ideal for Weddings, Tours, and Special Events","12,999",3.4
"Sarge Foldable Dual Camera Garuda Drone with 1080P 4k Camera 720P Live Video,WiFi FPV Drone for Adults with HD 120°Wide Angle Camera 1600 Mah Long Flight time Auto Hover Foldable RC Drone.","6,999",2.7
"SEASWORTH Foldable Toy Drone with HQ WiFi Camera Remote Control for Kids Quadcopter with Gesture Selfie, Flips Bounce Mode, App One Key Headless Mode functionality (Black Colour)","2,999",5.0
SUPER TOY 2.4g RC Drone Without Camera for Beginners - Hand Throw Take-Off/One-Key Return (Multicolour),"1,999",3.8
"Olly's Foldable Drone with HQ WiFi Camera Remote Control for Kids Quadcopter with Gesture Selfie, Flips Bounce Mode, App One Key Headless Mode functionality (Black colour)(1800 MAH)","41,999",1.9
"IZI FLY Drone 20 MP Camera 4K HD Realtime Video with 5 KM Video Transmission Range | 3-Axis Gimbal Camera Brushless Motors, GPS-GLONASS 2 x Battery Each 35 Min Flight Time | UAV RTH Enabled | 10+ Flying Modes | Ideal for Professional and Aerial Photography","10,399",2.9
MQ-9 Reaper Drone (Air Power),"3,499",4.5
"Qualimate Foldable Drone Flying Aircraft - Professional HD Camera with WiFi Connectivity, Intuitive App Control, 2.4GHz Technology, Thrilling 360-Degree Aerial Rolls","3,799",3.7
"REIDEL Foldable Toy Drone with HQ WiFi Camera Remote Control for Kids Quadcopter with Gesture Selfie, Flips Bounce Mode, App One Key Headless Mode functionality (Black colour) (D3)","2,990",
"LUCHILA Toy Drone with HQ WiFi Camera Remote Control for Kids Quadcopter with Gesture Selfie, Flips Bounce Mode, App One Key Headless Mode Functionality","10,999",
"Alessia Foldable Drone with HQ WiFi Camera Remote Control for Kids Quadcopter with Gesture Selfie, Flips Bounce Mode, App One Key Headless Mode functionality (Black colour)(1800 MAH)","4,499",
"KB TRADE Garuda Drone bag version Foldable Drone With Camera Garuda Drone with 1080P 4k Camera 720P Live Video,WiFi FPV Drone for Adults with HD 120°Wide Camera (garuda drone bag version)","3,499",
Amitasha YCRC A6 Pro Obstacle Avoidance Remote Control Selfie Gesture Wifi Drone With Dual Camera Quadcopter With 2 Batteries,"3,799",
"SEASWORTH Foldable Toy Drone with HQ WiFi Camera Remote Control for Kids Quadcopter with Gesture Selfie, Flips Bounce Mode, App One Key Headless Mode functionality (Black)","3,999",
"Octra Drone with 4K Camera Live Video,WiFi FPV Drone for Adults with 4K HD 120 Wide Angle Camera 1200 Mah Long Flight time Auto Hover Fold able RC Drone Quad-copter Multi Colored","4,799",
"SIYA ENTERPRISE OPEN STORE Optical Flow Positioning Drone Foldable GPS FPV Drone with 720P HD 4k Camera Live Video for Beginners,RC Quadcopter,Gesture Control,Auto Hover & 5G Wifi Transmission, Black","1,999",
HILLSTAR Foldable Remote Control Drone with Camera HD Wide Angle Lens Optical Flow Positioning with 1800Mah Battery WiFi FPV 4-Axis Dual Camera with Dual Flash Lights (MultiColor),"2,749",5.0
SUPER TOY 4K WiFi Dual Camera Drone for Adults & Kids with 2 Batteries and Carrying Case - Remote Control Foldable Quadcopter Flying Toy,"3,499",3.0
"Keemanki Garuda 1080 Black Wifi GPS Drone 1080P + 720 P Fpv Dual Camera, Box Version, Position Locking Drone (Garuda Drone, Black Colour for Beginners)","15,976",5.0
"Keemanki F22 Pro FPV Drone with Camera - 5G RC with 2.7K Video - Gesture Control, Custom Flight Path, WiFi, GPS Auto Hover Return Home, Follow Me, Carrying Case for Beginners","24,976",5.0
HILLSTAR Foldable Remote Control Drone with Camera HD Wide Angle Lens Optical Flow Positioning with 1800Mah Battery WiFi FPV 4-Axis Dual Camera with Dual Flash Lights (MultiColor),"2,749",5.0
"Flyson Drones with Dual Camera for Adults-F190 Drone with Carrying Case, Foldable RC Drone, Altitude Hold, Headless Mode,Camera Drones for Adults/Beginners, Christmas Gifts Blue,1 Battery (F190 = POCKET DRONE)","3,324",2.9
"Divera Foldable Drone with HQ WiFi Camera Remote Control for Kids Quadcopter with Gesture Selfie, Flips Bounce Mode, App One Key Headless Mode functionality (Black colour)(1800 MAH)","2,499",2.1
"Ziria Foldable Toy Drone with HQ WiFi Camera Remote Control for Kids Quadcopter with Gesture Selfie, Flips Bounce Mode, App One Key Headless Mode functionality (Black Colour)","54,999",2.4
"Welko Foldable Drone with HQ WiFi Camera Remote Control for Kids Quadcopter with Gesture Selfie, Flips Bounce Mode, App One Key Headless Mode functionality (Black colour)(1800 MAH)","2,299",2.9
"IZI Sky 4K 20MP CMOS 1/3.06 Camera Drone, 360 Obstacle Avoidance 3 Axis Gimbal 5KM Transmission, Cinematic Vertical Shooting, Precision Hovering, 10+ Flying Modes, GPS, Return to Home, 2X Batteries (64 Mins Flight)","2,349",3.4
"KB TRADE Garuda Drone box version Foldable Drone With Camera Garuda Drone with 1080P 4k Camera 720P Live Video,WiFi FPV Drone for Adults with HD 120°Wide Camera (garuda drone box version)","54,999",2.9
Amitasha Remote Control WiFi HD Dual Camera Foldable Drone RC Toy for Kids & Adults with 2x1800mAh Rechargeable Battery (Camera Drone),"9,999",1.5
"BHAYANI Foldable Drone with HQ WiFi Camera Remote Control for Kids Quadcopter with Gesture Selfie, Flips Bounce Mode, App One Key Headless Mode functionality (Black colour)(1800 MAH)","3,499",5.0
"SELLINGZON Foldable Toy Drone with HQ WiFi Camera Remote Control for Kids Quadcopter with Gesture Selfie, Flips Bounce Mode, App One Key Headless Mode functionality","2,849",2.4
Welko E99 Drone With Dual HD Camera 1080p Selfie Gesture Live Video FPV Positioning Profesional Quadcopter RC Helicopter Boys Toys Kids Gifts,"2,999",5.0
"BHAYANI Garuda 1080 Black| WiFi HD 1080P + 720 P FPV Dual Camera | Box Version | Position Locking Drone (Garuda Drone,Black Colour)","2,699",2.8
BLESSBE BB160 Drone 2 Batteries Dual Camera WI-FI Quadcopter with Gesture Selfie Camera Quadcopter 1800 mAh Battery - 360 Flip Headless Mode Remote control Toy Quadcopter(Black),"6,999",5.0
BLESSBE BB176 Drone 2 Batteries Dual Camera WI-FI Quadcopter with Gesture Selfie Camera Quadcopter 1800 mAh Battery - 360 Flip Headless Mode Remote control Toy Quadcopter(Jet Black),"3,249",2.3
"KIDZYMON Dual Camera Dual Battery Drone, 4K camera with remote and app control, WiFi FPV 1080P HD Dual Camera Foldable RC Quadcopter - Dual Battery - Black and Gray colour - Pack of 1","2,799",3.0
"JIYAN Foldable Toy Drone with HQ WiFi Camera Remote Control for Kids Quadcopter with Gesture Selfie, Flips Bounce Mode, App One Key Headless Mode functionality (Black Color)","4,499",3.0
HILLSTAR Foldable Remote Control Drone with Dual Camera HD Wide Angle Lens Optical Flow Positioning with Dual 1800Mah Battery WiFi FPV 4-Axis Dual Camera with Dual Flash Lights With 2 Battries (MultiColor),"2,699",3.5
Meri SHOPP Landing Gear Kit for Fimi X8 Mini Drone Height Extender Accessories Set A Plastic Toys & Hobbies | Radio Control & Control Line | RC Model Vehicle Parts & Accs (Only Stand),"3,499",2.5
"PARYAVARAN Vanguard Aircraft Wifi HD Camera Drone Latest Version Foldable GPS Fpv Drone With 1080P HD 4K Camera Live Video For Beginners, RC Quadcopter With GPS Return Home - Multicolor",870,4.4
"PARYAVARAN Foldable GPS FPV Drone with 1080P HD 4k Camera Live Video for Beginners, RC Quadcopter with GPS Return Home, Gesture Control, Auto Hover & 5G Wifi Transmission(Black)","14,999",4.5
"SEASWORTH Foldable Toy Drone with HQ WiFi Camera Remote Control for Kids Quadcopter with Gesture Selfie, Flips Bounce Mode, App One Key Headless Mode functionality (Black Colour) (D2)","13,999",2.3
Blessbe BB172 Drone 2 Batteries 3 sides obstacle Avoidance Dual Camera WI-FI Quadcopter with Gesture Selfie Camera 1800 mAh Battery - 360 Flip Headless Mode Remote control Toy Quadcopter (Light Grey),"3,499",5.0
"David Drone With 480P 4K Camera Live Video,Wifi Fpv Drone For Adults With 4K Hd 120 Wide Angle Camera 1000 Mah Long Flight Time Auto Hover Fold Able Rc Drone Quad-Copter","3,399",2.7
Flyson Foldable Toy Drone With Camera Remote Control for Kids (Multicolor),"4,242",3.0
"REIDEL Foldable Toy Drone with HQ WiFi Camera Remote Control for Kids Quadcopter with Gesture Selfie, Flips Bounce Mode, App One Key Headless Mode functionality","4,369",5.0
"Plenus Foldable GPS FPV Drone with 1080P HD 4k Camera Live Video for Beginners, RC Quadcopter with GPS Return Home, Follow, Gesture Control, Auto Hover & 5G Wifi Transmission Black","3,499",5.0
"CREODEC Premium Foldable Toy Drone with HQ WiFi Camera - Remote Control Quadcopter for Kids with Gesture Selfie, Flips Bounce Mode, and App One Key Headless Mode","2,910",4.1
Amitasha E99 Drone With Dual HD Camera 1080p Selfie Gesture Live Video FPV Positioning Profesional Quadcopter RC Helicopter Boys Toys Kids Gifts,"11,999",2.9
Elisian Mini Drone for Kids | Foldable Toy Drone with 4K 1080p Camera | 360 Degree Flip Functionality | Black,"3,399",4.2
"Blackheaven Garuda 1080 Black| WiFi HD 1080P + 720 P FPV Dual Camera | Box Version | Position Locking Drone (Garuda Drone,Black Colour)","2,700",5.0
Blessbe BB171 Drone 2 Batteries 3 sides obstacle Avoidance Dual Camera WI-FI Quadcopter with Gesture Selfie Camera 1800 mAh Battery - 360 Flip Headless Mode Remote control Toy Quadcopter (Charcoal Black),"6,999",3.0
Elisian Mini Drone for Kids | Foldable Toy Drone with 1080p Camera | 360 Degree Flip Functionality | Multiple Colours (E99 Drone),"3,399",3.0
Elisian Quadcopter Drone | Toy Drone with 4K 1080p Camera | 360 Degree Flip Functionality | Drone for Kids | Drone with Gimbal Camera | Mini Drone with Auto Hovering Feature,"2,999",2.0
"HX 750 Drone | Remote-control | Rechargeble | Unbreakable | Quadcopter With Two Extra Blades, Multicolour, Only For 14+, 1 Hx 750 Toy Drone, 1 3.7v 220mah Battey/Without Camera","4,649",3.3
Jack Royal Quadcopter Drone | Toy Drone with 4K 1080p Camera | 360 Degree Flip Functionality | Drone for Kids | Drone with Gimbal Camera | Mini Drone with Auto Hovering Feature,"2,121",2.9
Drone,"4,614",2.0
"Qualimate 4K HD Camera RC Drone with WIFI Connectivity - Professional Editing Flying Drone Aircraft Rotatable Camera Ideal for Weddings, Tours, and Special Events","12,999",3.4
"Sarge Foldable Dual Camera Garuda Drone with 1080P 4k Camera 720P Live Video,WiFi FPV Drone for Adults with HD 120°Wide Angle Camera 1600 Mah Long Flight time Auto Hover Foldable RC Drone.","6,999",2.7
"SEASWORTH Foldable Toy Drone with HQ WiFi Camera Remote Control for Kids Quadcopter with Gesture Selfie, Flips Bounce Mode, App One Key Headless Mode functionality (Black Colour)","2,999",5.0
SUPER TOY 2.4g RC Drone Without Camera for Beginners - Hand Throw Take-Off/One-Key Return (Multicolour),"1,999",3.8
"Olly's Foldable Drone with HQ WiFi Camera Remote Control for Kids Quadcopter with Gesture Selfie, Flips Bounce Mode, App One Key Headless Mode functionality (Black colour)(1800 MAH)","41,999",1.9
"IZI FLY Drone 20 MP Camera 4K HD Realtime Video with 5 KM Video Transmission Range | 3-Axis Gimbal Camera Brushless Motors, GPS-GLONASS 2 x Battery Each 35 Min Flight Time | UAV RTH Enabled | 10+ Flying Modes | Ideal for Professional and Aerial Photography","10,399",2.9
MQ-9 Reaper Drone (Air Power),"3,499",4.5
"Qualimate Foldable Drone Flying Aircraft - Professional HD Camera with WiFi Connectivity, Intuitive App Control, 2.4GHz Technology, Thrilling 360-Degree Aerial Rolls","3,799",3.7
"REIDEL Foldable Toy Drone with HQ WiFi Camera Remote Control for Kids Quadcopter with Gesture Selfie, Flips Bounce Mode, App One Key Headless Mode functionality (Black colour) (D3)","2,990",
"LUCHILA Toy Drone with HQ WiFi Camera Remote Control for Kids Quadcopter with Gesture Selfie, Flips Bounce Mode, App One Key Headless Mode Functionality","10,999",
"Alessia Foldable Drone with HQ WiFi Camera Remote Control for Kids Quadcopter with Gesture Selfie, Flips Bounce Mode, App One Key Headless Mode functionality (Black colour)(1800 MAH)","4,499",
"KB TRADE Garuda Drone bag version Foldable Drone With Camera Garuda Drone with 1080P 4k Camera 720P Live Video,WiFi FPV Drone for Adults with HD 120°Wide Camera (garuda drone bag version)","3,499",
Amitasha YCRC A6 Pro Obstacle Avoidance Remote Control Selfie Gesture Wifi Drone With Dual Camera Quadcopter With 2 Batteries,"3,799",
"SEASWORTH Foldable Toy Drone with HQ WiFi Camera Remote Control for Kids Quadcopter with Gesture Selfie, Flips Bounce Mode, App One Key Headless Mode functionality (Black)","3,999",
"Octra Drone with 4K Camera Live Video,WiFi FPV Drone for Adults with 4K HD 120 Wide Angle Camera 1200 Mah Long Flight time Auto Hover Fold able RC Drone Quad-copter Multi Colored","4,799",
"SIYA ENTERPRISE OPEN STORE Optical Flow Positioning Drone Foldable GPS FPV Drone with 720P HD 4k Camera Live Video for Beginners,RC Quadcopter,Gesture Control,Auto Hover & 5G Wifi Transmission, Black","1,999",
HILLSTAR Foldable Remote Control Drone with Camera HD Wide Angle Lens Optical Flow Positioning with 1800Mah Battery WiFi FPV 4-Axis Dual Camera with Dual Flash Lights (MultiColor),"2,749",5.0
SUPER TOY 4K WiFi Dual Camera Drone for Adults & Kids with 2 Batteries and Carrying Case - Remote Control Foldable Quadcopter Flying Toy,"3,499",3.0
"Keemanki Garuda 1080 Black Wifi GPS Drone 1080P + 720 P Fpv Dual Camera, Box Version, Position Locking Drone (Garuda Drone, Black Colour for Beginners)","15,976",5.0
"Keemanki F22 Pro FPV Drone with Camera - 5G RC with 2.7K Video - Gesture Control, Custom Flight Path, WiFi, GPS Auto Hover Return Home, Follow Me, Carrying Case for Beginners","24,976",5.0
HILLSTAR Foldable Remote Control Drone with Camera HD Wide Angle Lens Optical Flow Positioning with 1800Mah Battery WiFi FPV 4-Axis Dual Camera with Dual Flash Lights (MultiColor),"2,749",5.0
"Flyson Drones with Dual Camera for Adults-F190 Drone with Carrying Case, Foldable RC Drone, Altitude Hold, Headless Mode,Camera Drones for Adults/Beginners, Christmas Gifts Blue,1 Battery (F190 = POCKET DRONE)","3,324",2.9
"Divera Foldable Drone with HQ WiFi Camera Remote Control for Kids Quadcopter with Gesture Selfie, Flips Bounce Mode, App One Key Headless Mode functionality (Black colour)(1800 MAH)","2,499",2.1
"Ziria Foldable Toy Drone with HQ WiFi Camera Remote Control for Kids Quadcopter with Gesture Selfie, Flips Bounce Mode, App One Key Headless Mode functionality (Black Colour)","54,999",2.4
"Welko Foldable Drone with HQ WiFi Camera Remote Control for Kids Quadcopter with Gesture Selfie, Flips Bounce Mode, App One Key Headless Mode functionality (Black colour)(1800 MAH)","2,299",2.9
"IZI Sky 4K 20MP CMOS 1/3.06 Camera Drone, 360 Obstacle Avoidance 3 Axis Gimbal 5KM Transmission, Cinematic Vertical Shooting, Precision Hovering, 10+ Flying Modes, GPS, Return to Home, 2X Batteries (64 Mins Flight)","2,349",3.4
"KB TRADE Garuda Drone box version Foldable Drone With Camera Garuda Drone with 1080P 4k Camera 720P Live Video,WiFi FPV Drone for Adults with HD 120°Wide Camera (garuda drone box version)","54,999",2.9
Amitasha Remote Control WiFi HD Dual Camera Foldable Drone RC Toy for Kids & Adults with 2x1800mAh Rechargeable Battery (Camera Drone),"9,999",1.5
"BHAYANI Foldable Drone with HQ WiFi Camera Remote Control for Kids Quadcopter with Gesture Selfie, Flips Bounce Mode, App One Key Headless Mode functionality (Black colour)(1800 MAH)","3,499",5.0
"SELLINGZON Foldable Toy Drone with HQ WiFi Camera Remote Control for Kids Quadcopter with Gesture Selfie, Flips Bounce Mode, App One Key Headless Mode functionality","2,849",2.4
Welko E99 Drone With Dual HD Camera 1080p Selfie Gesture Live Video FPV Positioning Profesional Quadcopter RC Helicopter Boys Toys Kids Gifts,"2,999",5.0
"BHAYANI Garuda 1080 Black| WiFi HD 1080P + 720 P FPV Dual Camera | Box Version | Position Locking Drone (Garuda Drone,Black Colour)","2,699",2.8
BLESSBE BB160 Drone 2 Batteries Dual Camera WI-FI Quadcopter with Gesture Selfie Camera Quadcopter 1800 mAh Battery - 360 Flip Headless Mode Remote control Toy Quadcopter(Black),"6,999",5.0
BLESSBE BB176 Drone 2 Batteries Dual Camera WI-FI Quadcopter with Gesture Selfie Camera Quadcopter 1800 mAh Battery - 360 Flip Headless Mode Remote control Toy Quadcopter(Jet Black),"3,249",2.3
"KIDZYMON Dual Camera Dual Battery Drone, 4K camera with remote and app control, WiFi FPV 1080P HD Dual Camera Foldable RC Quadcopter - Dual Battery - Black and Gray colour - Pack of 1","2,799",3.0
"JIYAN Foldable Toy Drone with HQ WiFi Camera Remote Control for Kids Quadcopter with Gesture Selfie, Flips Bounce Mode, App One Key Headless Mode functionality (Black Color)","4,499",3.0
HILLSTAR Foldable Remote Control Drone with Dual Camera HD Wide Angle Lens Optical Flow Positioning with Dual 1800Mah Battery WiFi FPV 4-Axis Dual Camera with Dual Flash Lights With 2 Battries (MultiColor),"2,699",3.5
Meri SHOPP Landing Gear Kit for Fimi X8 Mini Drone Height Extender Accessories Set A Plastic Toys & Hobbies | Radio Control & Control Line | RC Model Vehicle Parts & Accs (Only Stand),"3,499",2.5
"PARYAVARAN Vanguard Aircraft Wifi HD Camera Drone Latest Version Foldable GPS Fpv Drone With 1080P HD 4K Camera Live Video For Beginners, RC Quadcopter With GPS Return Home - Multicolor",870,4.4
"PARYAVARAN Foldable GPS FPV Drone with 1080P HD 4k Camera Live Video for Beginners, RC Quadcopter with GPS Return Home, Gesture Control, Auto Hover & 5G Wifi Transmission(Black)","14,999",4.5
"SEASWORTH Foldable Toy Drone with HQ WiFi Camera Remote Control for Kids Quadcopter with Gesture Selfie, Flips Bounce Mode, App One Key Headless Mode functionality (Black Colour) (D2)","13,999",2.3
Blessbe BB172 Drone 2 Batteries 3 sides obstacle Avoidance Dual Camera WI-FI Quadcopter with Gesture Selfie Camera 1800 mAh Battery - 360 Flip Headless Mode Remote control Toy Quadcopter (Light Grey),"3,499",5.0
"David Drone With 480P 4K Camera Live Video,Wifi Fpv Drone For Adults With 4K Hd 120 Wide Angle Camera 1000 Mah Long Flight Time Auto Hover Fold Able Rc Drone Quad-Copter","3,399",2.7
Flyson Foldable Toy Drone With Camera Remote Control for Kids (Multicolor),"4,242",3.0
"REIDEL Foldable Toy Drone with HQ WiFi Camera Remote Control for Kids Quadcopter with Gesture Selfie, Flips Bounce Mode, App One Key Headless Mode functionality","4,369",5.0
"Plenus Foldable GPS FPV Drone with 1080P HD 4k Camera Live Video for Beginners, RC Quadcopter with GPS Return Home, Follow, Gesture Control, Auto Hover & 5G Wifi Transmission Black","3,499",5.0
"CREODEC Premium Foldable Toy Drone with HQ WiFi Camera - Remote Control Quadcopter for Kids with Gesture Selfie, Flips Bounce Mode, and App One Key Headless Mode","2,910",4.1
Amitasha E99 Drone With Dual HD Camera 1080p Selfie Gesture Live Video FPV Positioning Profesional Quadcopter RC Helicopter Boys Toys Kids Gifts,"11,999",2.9
Elisian Mini Drone for Kids | Foldable Toy Drone with 4K 1080p Camera | 360 Degree Flip Functionality | Black,"3,399",4.2
"Blackheaven Garuda 1080 Black| WiFi HD 1080P + 720 P FPV Dual Camera | Box Version | Position Locking Drone (Garuda Drone,Black Colour)","2,700",5.0
Blessbe BB171 Drone 2 Batteries 3 sides obstacle Avoidance Dual Camera WI-FI Quadcopter with Gesture Selfie Camera 1800 mAh Battery - 360 Flip Headless Mode Remote control Toy Quadcopter (Charcoal Black),"6,999",3.0
Elisian Mini Drone for Kids | Foldable Toy Drone with 1080p Camera | 360 Degree Flip Functionality | Multiple Colours (E99 Drone),"3,399",3.0
Elisian Quadcopter Drone | Toy Drone with 4K 1080p Camera | 360 Degree Flip Functionality | Drone for Kids | Drone with Gimbal Camera | Mini Drone with Auto Hovering Feature,"2,999",2.0
"HX 750 Drone | Remote-control | Rechargeble | Unbreakable | Quadcopter With Two Extra Blades, Multicolour, Only For 14+, 1 Hx 750 Toy Drone, 1 3.7v 220mah Battey/Without Camera","4,649",3.3
Jack Royal Quadcopter Drone | Toy Drone with 4K 1080p Camera | 360 Degree Flip Functionality | Drone for Kids | Drone with Gimbal Camera | Mini Drone with Auto Hovering Feature,"2,121",2.9
Drone,"4,614",2.0
"Qualimate 4K HD Camera RC Drone with WIFI Connectivity - Professional Editing Flying Drone Aircraft Rotatable Camera Ideal for Weddings, Tours, and Special Events","12,999",3.4
"Sarge Foldable Dual Camera Garuda Drone with 1080P 4k Camera 720P Live Video,WiFi FPV Drone for Adults with HD 120°Wide Angle Camera 1600 Mah Long Flight time Auto Hover Foldable RC Drone.","6,999",2.7
"SEASWORTH Foldable Toy Drone with HQ WiFi Camera Remote Control for Kids Quadcopter with Gesture Selfie, Flips Bounce Mode, App One Key Headless Mode functionality (Black Colour)","2,999",5.0
SUPER TOY 2.4g RC Drone Without Camera for Beginners - Hand Throw Take-Off/One-Key Return (Multicolour),"1,999",3.8
"Olly's Foldable Drone with HQ WiFi Camera Remote Control for Kids Quadcopter with Gesture Selfie, Flips Bounce Mode, App One Key Headless Mode functionality (Black colour)(1800 MAH)","41,999",1.9
"IZI FLY Drone 20 MP Camera 4K HD Realtime Video with 5 KM Video Transmission Range | 3-Axis Gimbal Camera Brushless Motors, GPS-GLONASS 2 x Battery Each 35 Min Flight Time | UAV RTH Enabled | 10+ Flying Modes | Ideal for Professional and Aerial Photography","10,399",2.9
MQ-9 Reaper Drone (Air Power),"3,499",4.5
"Qualimate Foldable Drone Flying Aircraft - Professional HD Camera with WiFi Connectivity, Intuitive App Control, 2.4GHz Technology, Thrilling 360-Degree Aerial Rolls","3,799",3.7
"REIDEL Foldable Toy Drone with HQ WiFi Camera Remote Control for Kids Quadcopter with Gesture Selfie, Flips Bounce Mode, App One Key Headless Mode functionality (Black colour) (D3)","2,990",
"LUCHILA Toy Drone with HQ WiFi Camera Remote Control for Kids Quadcopter with Gesture Selfie, Flips Bounce Mode, App One Key Headless Mode Functionality","10,999",
"Alessia Foldable Drone with HQ WiFi Camera Remote Control for Kids Quadcopter with Gesture Selfie, Flips Bounce Mode, App One Key Headless Mode functionality (Black colour)(1800 MAH)","4,499",
"KB TRADE Garuda Drone bag version Foldable Drone With Camera Garuda Drone with 1080P 4k Camera 720P Live Video,WiFi FPV Drone for Adults with HD 120°Wide Camera (garuda drone bag version)","3,499",
Amitasha YCRC A6 Pro Obstacle Avoidance Remote Control Selfie Gesture Wifi Drone With Dual Camera Quadcopter With 2 Batteries,"3,799",
"SEASWORTH Foldable Toy Drone with HQ WiFi Camera Remote Control for Kids Quadcopter with Gesture Selfie, Flips Bounce Mode, App One Key Headless Mode functionality (Black)","3,999",
"Octra Drone with 4K Camera Live Video,WiFi FPV Drone for Adults with 4K HD 120 Wide Angle Camera 1200 Mah Long Flight time Auto Hover Fold able RC Drone Quad-copter Multi Colored","4,799",
"SIYA ENTERPRISE OPEN STORE Optical Flow Positioning Drone Foldable GPS FPV Drone with 720P HD 4k Camera Live Video for Beginners,RC Quadcopter,Gesture Control,Auto Hover & 5G Wifi Transmission, Black","1,999",
HILLSTAR Foldable Remote Control Drone with Camera HD Wide Angle Lens Optical Flow Positioning with 1800Mah Battery WiFi FPV 4-Axis Dual Camera with Dual Flash Lights (MultiColor),"2,749",5.0
SUPER TOY 4K WiFi Dual Camera Drone for Adults & Kids with 2 Batteries and Carrying Case - Remote Control Foldable Quadcopter Flying Toy,"3,499",3.0
"Keemanki Garuda 1080 Black Wifi GPS Drone 1080P + 720 P Fpv Dual Camera, Box Version, Position Locking Drone (Garuda Drone, Black Colour for Beginners)","15,976",5.0
"Keemanki F22 Pro FPV Drone with Camera - 5G RC with 2.7K Video - Gesture Control, Custom Flight Path, WiFi, GPS Auto Hover Return Home, Follow Me, Carrying Case for Beginners","24,976",5.0
HILLSTAR Foldable Remote Control Drone with Camera HD Wide Angle Lens Optical Flow Positioning with 1800Mah Battery WiFi FPV 4-Axis Dual Camera with Dual Flash Lights (MultiColor),"2,749",5.0
"Flyson Drones with Dual Camera for Adults-F190 Drone with Carrying Case, Foldable RC Drone, Altitude Hold, Headless Mode,Camera Drones for Adults/Beginners, Christmas Gifts Blue,1 Battery (F190 = POCKET DRONE)","3,324",2.9
"Divera Foldable Drone with HQ WiFi Camera Remote Control for Kids Quadcopter with Gesture Selfie, Flips Bounce Mode, App One Key Headless Mode functionality (Black colour)(1800 MAH)","2,499",2.1
"Ziria Foldable Toy Drone with HQ WiFi Camera Remote Control for Kids Quadcopter with Gesture Selfie, Flips Bounce Mode, App One Key Headless Mode functionality (Black Colour)","54,999",2.4
"Welko Foldable Drone with HQ WiFi Camera Remote Control for Kids Quadcopter with Gesture Selfie, Flips Bounce Mode, App One Key Headless Mode functionality (Black colour)(1800 MAH)","2,299",2.9
"IZI Sky 4K 20MP CMOS 1/3.06 Camera Drone, 360 Obstacle Avoidance 3 Axis Gimbal 5KM Transmission, Cinematic Vertical Shooting, Precision Hovering, 10+ Flying Modes, GPS, Return to Home, 2X Batteries (64 Mins Flight)","2,349",3.4
"KB TRADE Garuda Drone box version Foldable Drone With Camera Garuda Drone with 1080P 4k Camera 720P Live Video,WiFi FPV Drone for Adults with HD 120°Wide Camera (garuda drone box version)","54,999",2.9
Amitasha Remote Control WiFi HD Dual Camera Foldable Drone RC Toy for Kids & Adults with 2x1800mAh Rechargeable Battery (Camera Drone),"9,999",1.5
"BHAYANI Foldable Drone with HQ WiFi Camera Remote Control for Kids Quadcopter with Gesture Selfie, Flips Bounce Mode, App One Key Headless Mode functionality (Black colour)(1800 MAH)","3,499",5.0
"SELLINGZON Foldable Toy Drone with HQ WiFi Camera Remote Control for Kids Quadcopter with Gesture Selfie, Flips Bounce Mode, App One Key Headless Mode functionality","2,849",2.4
Welko E99 Drone With Dual HD Camera 1080p Selfie Gesture Live Video FPV Positioning Profesional Quadcopter RC Helicopter Boys Toys Kids Gifts,"2,999",5.0
"BHAYANI Garuda 1080 Black| WiFi HD 1080P + 720 P FPV Dual Camera | Box Version | Position Locking Drone (Garuda Drone,Black Colour)","2,699",2.8
BLESSBE BB160 Drone 2 Batteries Dual Camera WI-FI Quadcopter with Gesture Selfie Camera Quadcopter 1800 mAh Battery - 360 Flip Headless Mode Remote control Toy Quadcopter(Black),"6,999",5.0
BLESSBE BB176 Drone 2 Batteries Dual Camera WI-FI Quadcopter with Gesture Selfie Camera Quadcopter 1800 mAh Battery - 360 Flip Headless Mode Remote control Toy Quadcopter(Jet Black),"3,249",2.3
"KIDZYMON Dual Camera Dual Battery Drone, 4K camera with remote and app control, WiFi FPV 1080P HD Dual Camera Foldable RC Quadcopter - Dual Battery - Black and Gray colour - Pack of 1","2,799",3.0
"JIYAN Foldable Toy Drone with HQ WiFi Camera Remote Control for Kids Quadcopter with Gesture Selfie, Flips Bounce Mode, App One Key Headless Mode functionality (Black Color)","4,499",3.0
HILLSTAR Foldable Remote Control Drone with Dual Camera HD Wide Angle Lens Optical Flow Positioning with Dual 1800Mah Battery WiFi FPV 4-Axis Dual Camera with Dual Flash Lights With 2 Battries (MultiColor),"2,699",3.5
Meri SHOPP Landing Gear Kit for Fimi X8 Mini Drone Height Extender Accessories Set A Plastic Toys & Hobbies | Radio Control & Control Line | RC Model Vehicle Parts & Accs (Only Stand),"3,499",2.5
"PARYAVARAN Vanguard Aircraft Wifi HD Camera Drone Latest Version Foldable GPS Fpv Drone With 1080P HD 4K Camera Live Video For Beginners, RC Quadcopter With GPS Return Home - Multicolor",870,4.4
"PARYAVARAN Foldable GPS FPV Drone with 1080P HD 4k Camera Live Video for Beginners, RC Quadcopter with GPS Return Home, Gesture Control, Auto Hover & 5G Wifi Transmission(Black)","14,999",4.5
"SEASWORTH Foldable Toy Drone with HQ WiFi Camera Remote Control for Kids Quadcopter with Gesture Selfie, Flips Bounce Mode, App One Key Headless Mode functionality (Black Colour) (D2)","13,999",2.3
Blessbe BB172 Drone 2 Batteries 3 sides obstacle Avoidance Dual Camera WI-FI Quadcopter with Gesture Selfie Camera 1800 mAh Battery - 360 Flip Headless Mode Remote control Toy Quadcopter (Light Grey),"3,499",5.0
"David Drone With 480P 4K Camera Live Video,Wifi Fpv Drone For Adults With 4K Hd 120 Wide Angle Camera 1000 Mah Long Flight Time Auto Hover Fold Able Rc Drone Quad-Copter","3,399",2.7
Flyson Foldable Toy Drone With Camera Remote Control for Kids (Multicolor),"4,242",3.0
"REIDEL Foldable Toy Drone with HQ WiFi Camera Remote Control for Kids Quadcopter with Gesture Selfie, Flips Bounce Mode, App One Key Headless Mode functionality","4,369",5.0
"Plenus Foldable GPS FPV Drone with 1080P HD 4k Camera Live Video for Beginners, RC Quadcopter with GPS Return Home, Follow, Gesture Control, Auto Hover & 5G Wifi Transmission Black","3,499",5.0
"CREODEC Premium Foldable Toy Drone with HQ WiFi Camera - Remote Control Quadcopter for Kids with Gesture Selfie, Flips Bounce Mode, and App One Key Headless Mode","2,910",4.1
Amitasha E99 Drone With Dual HD Camera 1080p Selfie Gesture Live Video FPV Positioning Profesional Quadcopter RC Helicopter Boys Toys Kids Gifts,"11,999",2.9
Elisian Mini Drone for Kids | Foldable Toy Drone with 4K 1080p Camera | 360 Degree Flip Functionality | Black,"3,399",4.2
"Blackheaven Garuda 1080 Black| WiFi HD 1080P + 720 P FPV Dual Camera | Box Version | Position Locking Drone (Garuda Drone,Black Colour)","2,700",5.0
Blessbe BB171 Drone 2 Batteries 3 sides obstacle Avoidance Dual Camera WI-FI Quadcopter with Gesture Selfie Camera 1800 mAh Battery - 360 Flip Headless Mode Remote control Toy Quadcopter (Charcoal Black),"6,999",3.0
Elisian Mini Drone for Kids | Foldable Toy Drone with 1080p Camera | 360 Degree Flip Functionality | Multiple Colours (E99 Drone),"3,399",3.0
Elisian Quadcopter Drone | Toy Drone with 4K 1080p Camera | 360 Degree Flip Functionality | Drone for Kids | Drone with Gimbal Camera | Mini Drone with Auto Hovering Feature,"2,999",2.0
"HX 750 Drone | Remote-control | Rechargeble | Unbreakable | Quadcopter With Two Extra Blades, Multicolour, Only For 14+, 1 Hx 750 Toy Drone, 1 3.7v 220mah Battey/Without Camera","4,649",3.3
Jack Royal Quadcopter Drone | Toy Drone with 4K 1080p Camera | 360 Degree Flip Functionality | Drone for Kids | Drone with Gimbal Camera | Mini Drone with Auto Hovering Feature,"2,121",2.9
Drone,"4,614",2.0
"Qualimate 4K HD Camera RC Drone with WIFI Connectivity - Professional Editing Flying Drone Aircraft Rotatable Camera Ideal for Weddings, Tours, and Special Events","12,999",3.4
"Sarge Foldable Dual Camera Garuda Drone with 1080P 4k Camera 720P Live Video,WiFi FPV Drone for Adults with HD 120°Wide Angle Camera 1600 Mah Long Flight time Auto Hover Foldable RC Drone.","6,999",2.7
"SEASWORTH Foldable Toy Drone with HQ WiFi Camera Remote Control for Kids Quadcopter with Gesture Selfie, Flips Bounce Mode, App One Key Headless Mode functionality (Black Colour)","2,999",5.0
SUPER TOY 2.4g RC Drone Without Camera for Beginners - Hand Throw Take-Off/One-Key Return (Multicolour),"1,999",3.8
"Olly's Foldable Drone with HQ WiFi Camera Remote Control for Kids Quadcopter with Gesture Selfie, Flips Bounce Mode, App One Key Headless Mode functionality (Black colour)(1800 MAH)","41,999",1.9
"IZI FLY Drone 20 MP Camera 4K HD Realtime Video with 5 KM Video Transmission Range | 3-Axis Gimbal Camera Brushless Motors, GPS-GLONASS 2 x Battery Each 35 Min Flight Time | UAV RTH Enabled | 10+ Flying Modes | Ideal for Professional and Aerial Photography","10,399",2.9
MQ-9 Reaper Drone (Air Power),"3,499",4.5
"Qualimate Foldable Drone Flying Aircraft - Professional HD Camera with WiFi Connectivity, Intuitive App Control, 2.4GHz Technology, Thrilling 360-Degree Aerial Rolls","3,799",3.7
"REIDEL Foldable Toy Drone with HQ WiFi Camera Remote Control for Kids Quadcopter with Gesture Selfie, Flips Bounce Mode, App One Key Headless Mode functionality (Black colour) (D3)","2,990",
"LUCHILA Toy Drone with HQ WiFi Camera Remote Control for Kids Quadcopter with Gesture Selfie, Flips Bounce Mode, App One Key Headless Mode Functionality","10,999",
"Alessia Foldable Drone with HQ WiFi Camera Remote Control for Kids Quadcopter with Gesture Selfie, Flips Bounce Mode, App One Key Headless Mode functionality (Black colour)(1800 MAH)","4,499",
"KB TRADE Garuda Drone bag version Foldable Drone With Camera Garuda Drone with 1080P 4k Camera 720P Live Video,WiFi FPV Drone for Adults with HD 120°Wide Camera (garuda drone bag version)","3,499",
Amitasha YCRC A6 Pro Obstacle Avoidance Remote Control Selfie Gesture Wifi Drone With Dual Camera Quadcopter With 2 Batteries,"3,799",
"SEASWORTH Foldable Toy Drone with HQ WiFi Camera Remote Control for Kids Quadcopter with Gesture Selfie, Flips Bounce Mode, App One Key Headless Mode functionality (Black)","3,999",
"Octra Drone with 4K Camera Live Video,WiFi FPV Drone for Adults with 4K HD 120 Wide Angle Camera 1200 Mah Long Flight time Auto Hover Fold able RC Drone Quad-copter Multi Colored","4,799",
"SIYA ENTERPRISE OPEN STORE Optical Flow Positioning Drone Foldable GPS FPV Drone with 720P HD 4k Camera Live Video for Beginners,RC Quadcopter,Gesture Control,Auto Hover & 5G Wifi Transmission, Black","1,999",
HILLSTAR Foldable Remote Control Drone with Camera HD Wide Angle Lens Optical Flow Positioning with 1800Mah Battery WiFi FPV 4-Axis Dual Camera with Dual Flash Lights (MultiColor),"2,749",5.0
SUPER TOY 4K WiFi Dual Camera Drone for Adults & Kids with 2 Batteries and Carrying Case - Remote Control Foldable Quadcopter Flying Toy,"3,499",3.0
"Keemanki Garuda 1080 Black Wifi GPS Drone 1080P + 720 P Fpv Dual Camera, Box Version, Position Locking Drone (Garuda Drone, Black Colour for Beginners)","15,976",5.0
"Keemanki F22 Pro FPV Drone with Camera - 5G RC with 2.7K Video - Gesture Control, Custom Flight Path, WiFi, GPS Auto Hover Return Home, Follow Me, Carrying Case for Beginners","24,976",5.0
HILLSTAR Foldable Remote Control Drone with Camera HD Wide Angle Lens Optical Flow Positioning with 1800Mah Battery WiFi FPV 4-Axis Dual Camera with Dual Flash Lights (MultiColor),"2,749",5.0
"Flyson Drones with Dual Camera for Adults-F190 Drone with Carrying Case, Foldable RC Drone, Altitude Hold, Headless Mode,Camera Drones for Adults/Beginners, Christmas Gifts Blue,1 Battery (F190 = POCKET DRONE)","3,324",2.9
"Divera Foldable Drone with HQ WiFi Camera Remote Control for Kids Quadcopter with Gesture Selfie, Flips Bounce Mode, App One Key Headless Mode functionality (Black colour)(1800 MAH)","2,499",2.1
"Ziria Foldable Toy Drone with HQ WiFi Camera Remote Control for Kids Quadcopter with Gesture Selfie, Flips Bounce Mode, App One Key Headless Mode functionality (Black Colour)","54,999",2.4
"Welko Foldable Drone with HQ WiFi Camera Remote Control for Kids Quadcopter with Gesture Selfie, Flips Bounce Mode, App One Key Headless Mode functionality (Black colour)(1800 MAH)","2,299",2.9
"IZI Sky 4K 20MP CMOS 1/3.06 Camera Drone, 360 Obstacle Avoidance 3 Axis Gimbal 5KM Transmission, Cinematic Vertical Shooting, Precision Hovering, 10+ Flying Modes, GPS, Return to Home, 2X Batteries (64 Mins Flight)","2,349",3.4
"KB TRADE Garuda Drone box version Foldable Drone With Camera Garuda Drone with 1080P 4k Camera 720P Live Video,WiFi FPV Drone for Adults with HD 120°Wide Camera (garuda drone box version)","54,999",2.9
Amitasha Remote Control WiFi HD Dual Camera Foldable Drone RC Toy for Kids & Adults with 2x1800mAh Rechargeable Battery (Camera Drone),"9,999",1.5
"BHAYANI Foldable Drone with HQ WiFi Camera Remote Control for Kids Quadcopter with Gesture Selfie, Flips Bounce Mode, App One Key Headless Mode functionality (Black colour)(1800 MAH)","3,499",5.0
"SELLINGZON Foldable Toy Drone with HQ WiFi Camera Remote Control for Kids Quadcopter with Gesture Selfie, Flips Bounce Mode, App One Key Headless Mode functionality","2,849",2.4
Welko E99 Drone With Dual HD Camera 1080p Selfie Gesture Live Video FPV Positioning Profesional Quadcopter RC Helicopter Boys Toys Kids Gifts,"2,999",5.0
"BHAYANI Garuda 1080 Black| WiFi HD 1080P + 720 P FPV Dual Camera | Box Version | Position Locking Drone (Garuda Drone,Black Colour)","2,699",2.8
BLESSBE BB160 Drone 2 Batteries Dual Camera WI-FI Quadcopter with Gesture Selfie Camera Quadcopter 1800 mAh Battery - 360 Flip Headless Mode Remote control Toy Quadcopter(Black),"6,999",5.0
BLESSBE BB176 Drone 2 Batteries Dual Camera WI-FI Quadcopter with Gesture Selfie Camera Quadcopter 1800 mAh Battery - 360 Flip Headless Mode Remote control Toy Quadcopter(Jet Black),"3,249",2.3
"KIDZYMON Dual Camera Dual Battery Drone, 4K camera with remote and app control, WiFi FPV 1080P HD Dual Camera Foldable RC Quadcopter - Dual Battery - Black and Gray colour - Pack of 1","2,799",3.0
"JIYAN Foldable Toy Drone with HQ WiFi Camera Remote Control for Kids Quadcopter with Gesture Selfie, Flips Bounce Mode, App One Key Headless Mode functionality (Black Color)","4,499",3.0
HILLSTAR Foldable Remote Control Drone with Dual Camera HD Wide Angle Lens Optical Flow Positioning with Dual 1800Mah Battery WiFi FPV 4-Axis Dual Camera with Dual Flash Lights With 2 Battries (MultiColor),"2,699",3.5
Meri SHOPP Landing Gear Kit for Fimi X8 Mini Drone Height Extender Accessories Set A Plastic Toys & Hobbies | Radio Control & Control Line | RC Model Vehicle Parts & Accs (Only Stand),"3,499",2.5
"PARYAVARAN Vanguard Aircraft Wifi HD Camera Drone Latest Version Foldable GPS Fpv Drone With 1080P HD 4K Camera Live Video For Beginners, RC Quadcopter With GPS Return Home - Multicolor",870,4.4
"PARYAVARAN Foldable GPS FPV Drone with 1080P HD 4k Camera Live Video for Beginners, RC Quadcopter with GPS Return Home, Gesture Control, Auto Hover & 5G Wifi Transmission(Black)","14,999",4.5
"SEASWORTH Foldable Toy Drone with HQ WiFi Camera Remote Control for Kids Quadcopter with Gesture Selfie, Flips Bounce Mode, App One Key Headless Mode functionality (Black Colour) (D2)","13,999",2.3
Blessbe BB172 Drone 2 Batteries 3 sides obstacle Avoidance Dual Camera WI-FI Quadcopter with Gesture Selfie Camera 1800 mAh Battery - 360 Flip Headless Mode Remote control Toy Quadcopter (Light Grey),"3,499",5.0
"David Drone With 480P 4K Camera Live Video,Wifi Fpv Drone For Adults With 4K Hd 120 Wide Angle Camera 1000 Mah Long Flight Time Auto Hover Fold Able Rc Drone Quad-Copter","3,399",2.7
Flyson Foldable Toy Drone With Camera Remote Control for Kids (Multicolor),"4,242",3.0
"REIDEL Foldable Toy Drone with HQ WiFi Camera Remote Control for Kids Quadcopter with Gesture Selfie, Flips Bounce Mode, App One Key Headless Mode functionality","4,369",5.0
"Plenus Foldable GPS FPV Drone with 1080P HD 4k Camera Live Video for Beginners, RC Quadcopter with GPS Return Home, Follow, Gesture Control, Auto Hover & 5G Wifi Transmission Black","3,499",5.0
"CREODEC Premium Foldable Toy Drone with HQ WiFi Camera - Remote Control Quadcopter for Kids with Gesture Selfie, Flips Bounce Mode, and App One Key Headless Mode","2,910",4.1
Amitasha E99 Drone With Dual HD Camera 1080p Selfie Gesture Live Video FPV Positioning Profesional Quadcopter RC Helicopter Boys Toys Kids Gifts,"11,999",2.9
Elisian Mini Drone for Kids | Foldable Toy Drone with 4K 1080p Camera | 360 Degree Flip Functionality | Black,"3,399",4.2
"Blackheaven Garuda 1080 Black| WiFi HD 1080P + 720 P FPV Dual Camera | Box Version | Position Locking Drone (Garuda Drone,Black Colour)","2,700",5.0
Blessbe BB171 Drone 2 Batteries 3 sides obstacle Avoidance Dual Camera WI-FI Quadcopter with Gesture Selfie Camera 1800 mAh Battery - 360 Flip Headless Mode Remote control Toy Quadcopter (Charcoal Black),"6,999",3.0
Elisian Mini Drone for Kids | Foldable Toy Drone with 1080p Camera | 360 Degree Flip Functionality | Multiple Colours (E99 Drone),"3,399",3.0
Elisian Quadcopter Drone | Toy Drone with 4K 1080p Camera | 360 Degree Flip Functionality | Drone for Kids | Drone with Gimbal Camera | Mini Drone with Auto Hovering Feature,"2,999",2.0
"HX 750 Drone | Remote-control | Rechargeble | Unbreakable | Quadcopter With Two Extra Blades, Multicolour, Only For 14+, 1 Hx 750 Toy Drone, 1 3.7v 220mah Battey/Without Camera","4,649",3.3
Jack Royal Quadcopter Drone | Toy Drone with 4K 1080p Camera | 360 Degree Flip Functionality | Drone for Kids | Drone with Gimbal Camera | Mini Drone with Auto Hovering Feature,"2,121",2.9
Drone,"4,614",2.0
"Qualimate 4K HD Camera RC Drone with WIFI Connectivity - Professional Editing Flying Drone Aircraft Rotatable Camera Ideal for Weddings, Tours, and Special Events","12,999",3.4
"Sarge Foldable Dual Camera Garuda Drone with 1080P 4k Camera 720P Live Video,WiFi FPV Drone for Adults with HD 120°Wide Angle Camera 1600 Mah Long Flight time Auto Hover Foldable RC Drone.","6,999",2.7
"SEASWORTH Foldable Toy Drone with HQ WiFi Camera Remote Control for Kids Quadcopter with Gesture Selfie, Flips Bounce Mode, App One Key Headless Mode functionality (Black Colour)","2,999",5.0
SUPER TOY 2.4g RC Drone Without Camera for Beginners - Hand Throw Take-Off/One-Key Return (Multicolour),"1,999",3.8
"Olly's Foldable Drone with HQ WiFi Camera Remote Control for Kids Quadcopter with Gesture Selfie, Flips Bounce Mode, App One Key Headless Mode functionality (Black colour)(1800 MAH)","41,999",1.9
"IZI FLY Drone 20 MP Camera 4K HD Realtime Video with 5 KM Video Transmission Range | 3-Axis Gimbal Camera Brushless Motors, GPS-GLONASS 2 x Battery Each 35 Min Flight Time | UAV RTH Enabled | 10+ Flying Modes | Ideal for Professional and Aerial Photography","10,399",2.9
MQ-9 Reaper Drone (Air Power),"3,499",4.5
"Qualimate Foldable Drone Flying Aircraft - Professional HD Camera with WiFi Connectivity, Intuitive App Control, 2.4GHz Technology, Thrilling 360-Degree Aerial Rolls","3,799",3.7
"REIDEL Foldable Toy Drone with HQ WiFi Camera Remote Control for Kids Quadcopter with Gesture Selfie, Flips Bounce Mode, App One Key Headless Mode functionality (Black colour) (D3)","2,990",
"LUCHILA Toy Drone with HQ WiFi Camera Remote Control for Kids Quadcopter with Gesture Selfie, Flips Bounce Mode, App One Key Headless Mode Functionality","10,999",
"Alessia Foldable Drone with HQ WiFi Camera Remote Control for Kids Quadcopter with Gesture Selfie, Flips Bounce Mode, App One Key Headless Mode functionality (Black colour)(1800 MAH)","4,499",
"KB TRADE Garuda Drone bag version Foldable Drone With Camera Garuda Drone with 1080P 4k Camera 720P Live Video,WiFi FPV Drone for Adults with HD 120°Wide Camera (garuda drone bag version)","3,499",
Amitasha YCRC A6 Pro Obstacle Avoidance Remote Control Selfie Gesture Wifi Drone With Dual Camera Quadcopter With 2 Batteries,"3,799",
"SEASWORTH Foldable Toy Drone with HQ WiFi Camera Remote Control for Kids Quadcopter with Gesture Selfie, Flips Bounce Mode, App One Key Headless Mode functionality (Black)","3,999",
"Octra Drone with 4K Camera Live Video,WiFi FPV Drone for Adults with 4K HD 120 Wide Angle Camera 1200 Mah Long Flight time Auto Hover Fold able RC Drone Quad-copter Multi Colored","4,799",
"SIYA ENTERPRISE OPEN STORE Optical Flow Positioning Drone Foldable GPS FPV Drone with 720P HD 4k Camera Live Video for Beginners,RC Quadcopter,Gesture Control,Auto Hover & 5G Wifi Transmission, Black","1,999",
